{
  "epochs": [
    1,
    2,
    3,
    4,
    5,
    6,
    7,
    8,
    9,
    10
  ],
  "train_loss": [
    0.9417349204963373,
    0.3504841197766299,
    0.24487024824582104,
    0.19249046373098727,
    0.1682389807440276,
    0.13189975618412217,
    0.11074328126201803,
    0.10709328406475858,
    0.09913305295195489,
    0.09475282408568227
  ],
  "val_dice": [
    0.6474798917770386,
    0.6817237734794617,
    0.6936097145080566,
    0.5884739756584167,
    0.764923632144928,
    0.7730291485786438,
    0.7341306209564209,
    0.7506911754608154,
    0.7364386320114136,
    0.7460463643074036
  ],
  "meta": {
    "train_images": 1153,
    "val_images": 203,
    "total_images": 1356,
    "batch_size": 2,
    "learning_rate": 0.0001,
    "image_scale": 0.35,
    "optimizer": "adamw",
    "scheduler": "cosine",
    "weighted_loss": true,
    "weighted_sampler": true,
    "augmentation": true,
    "loss_name": "ce_dice",
    "class_freq": [
      0.19238766249812245,
      0.016005855062956993,
      0.003185827763276947,
      0.33829110549689134,
      0.0026094137005749428,
      0.1840291279303843,
      0.263074665578127,
      0.00041634196966600583
    ],
    "class_weights": [
      0.1779666543006897,
      0.6170035600662231,
      1.3829785585403442,
      0.13420909643173218,
      1.528111219406128,
      0.18196336925029755,
      0.15219056606292725,
      3.8255770206451416
    ],
    "stable_mode": true,
    "num_workers": 4,
    "pin_memory": true
  },
  "best": {
    "epoch": 6,
    "val_dice": 0.7730291485786438
  }
}