{
  "epochs": [
    1,
    2,
    3,
    4,
    5,
    6,
    7,
    8,
    9,
    10,
    11,
    12,
    13,
    14,
    15,
    16,
    17,
    18,
    19,
    20,
    21,
    22,
    23,
    24,
    25,
    26,
    27,
    28,
    29,
    30
  ],
  "train_loss": [
    1.3544187311588283,
    0.5748418367483166,
    0.3920732315993279,
    0.31995302829678973,
    0.27091245721501545,
    0.24124027821689806,
    0.21485384232606575,
    0.19606255718208235,
    0.18150807031358301,
    0.16809138838858054,
    0.15702698252273603,
    0.14935716154721904,
    0.14265418182987677,
    0.13570955772476959,
    0.12478855879285641,
    0.1190921402759425,
    0.11606706690199022,
    0.11000769383761518,
    0.10468660109925482,
    0.10216494510363415,
    0.1000796057501069,
    0.10017697700076231,
    0.09576567223694539,
    0.0931733440093139,
    0.09069021600941893,
    0.0889102970598164,
    0.08847252567533606,
    0.08784305393053703,
    0.08756783021984596,
    0.08554639977949503
  ],
  "val_dice": [
    0.5847257375717163,
    0.6156876087188721,
    0.7804030179977417,
    0.7409066557884216,
    0.7144857048988342,
    0.8164960145950317,
    0.7755774855613708,
    0.7921885251998901,
    0.8205347061157227,
    0.8272746801376343,
    0.8295592665672302,
    0.8489448428153992,
    0.8511848449707031,
    0.8824799656867981,
    0.8782694935798645,
    0.8668989539146423,
    0.8798707723617554,
    0.8798974752426147,
    0.8965087532997131,
    0.8956835865974426,
    0.8958615064620972,
    0.907988429069519,
    0.9024983048439026,
    0.909826934337616,
    0.9043211340904236,
    0.9005370140075684,
    0.9089004993438721,
    0.9103143811225891,
    0.9106380939483643,
    0.9103416204452515
  ],
  "meta": {
    "train_images": 3153,
    "val_images": 556,
    "total_images": 3709,
    "batch_size": 4,
    "learning_rate": 0.0001,
    "image_scale": 0.35,
    "optimizer": "adamw",
    "scheduler": "cosine",
    "weighted_loss": true,
    "weighted_sampler": true,
    "augmentation": true,
    "loss_name": "ce_dice",
    "class_freq": [
      0.1912872534900946,
      0.08930669707746271,
      0.03822108059957997,
      0.016298011481615925,
      1.367168537781186e-05,
      0.00018166420125091803,
      0.6089112926034762,
      0.03359093355260357,
      0.0008322501342909317,
      3.719505683521427e-05,
      0.003553515277819659,
      0.01571535550629416,
      0.0015700176416695848,
      0.00045549481201248386,
      2.556687961625854e-05
    ],
    "class_weights": [
      0.03973871096968651,
      0.05815870687365532,
      0.08890071511268616,
      0.1361411213874817,
      4.698800086975098,
      1.2894667387008667,
      0.022273054346442223,
      0.0948299840092659,
      0.602458655834198,
      2.8494155406951904,
      0.2915594279766083,
      0.13864190876483917,
      0.43863484263420105,
      0.8143485188484192,
      3.436631679534912
    ],
    "stable_mode": true,
    "num_workers": 4,
    "pin_memory": true
  },
  "best": {
    "epoch": 29,
    "val_dice": 0.9106380939483643
  }
}